"country_name","city_name","address","avg_per_day"
Germany,Hamburg,SHOP0012 Horn Points,9576.75
Germany,Cologne,SHOP0023 Rush Manors,8258.63
France,Marseille,SHOP0045 Roberson Passage,6332.83
Germany,Cologne,SHOP0026 Murray Path,6276.15
Germany,Cologne,SHOP0027 Karen Falls,5107.63
Italy,Milan,SHOP0056 Cody Drives,5017.81
Germany,Cologne,SHOP0022 Baker Via,4671.09
Italy,Rome,SHOP0051 Webster Run,4635.16
Germany,Cologne,SHOP0024 Gregory Burg,4389.91
Germany,Hamburg,SHOP0011 Stacy Alley,4067.27
Spain,Seville,SHOP0068 Montoya Island,4066.74
Germany,Frankfurt,SHOP0033 Anthony Village,4021.19
France,Toulouse,SHOP0049 Victor Hill,3945.74
Italy,Rome,SHOP0055 Alexander Bridge,3937.53
France,Lyon,SHOP0041 Thomas Streets,3574.25
Germany,Munich,SHOP0019 Gill Glen,3386.01
France,Marseille,SHOP0046 Eric Villages,3305.51
France,Marseille,SHOP0043 Samuel Hills,3206.77
Spain,Madrid,SHOP0063 Daniels Fork,3096.18
Germany,Frankfurt,SHOP0032 Stephanie Meadow,3069.03
Germany,Munich,SHOP0016 Michael Ford,3063.96
Germany,Munich,SHOP0017 Katherine Trace,3032.38
France,Paris,SHOP0036 Joseph Walk,3001.21
Spain,Valencia,SHOP0066 Daniel Centers,2946.13
Spain,Barcelona,SHOP0064 Kevin Burg,2863.40
Germany,Berlin,SHOP0006 Allen View,2759.51
Poland,Wroclaw,SHOP0072 Kiara Gardens,2731.03
Spain,Valencia,SHOP0067 Bush Tunnel,2683.00
Germany,Munich,SHOP0020 Martinez Trail,2615.15
Germany,Frankfurt,SHOP0030 Allen Curve,2601.26
Germany,Cologne,SHOP0025 Devon Lodge,2529.52
Germany,Berlin,SHOP0003 Christy Creek,2497.63
France,Lyon,SHOP0039 Jones Manors,2465.02
Germany,Berlin,SHOP0002 Nicole Station,2345.02
France,Marseille,SHOP0042 Michele Plains,2306.61
France,Paris,SHOP0038 Thomas Crest,2234.69
Italy,Rome,SHOP0053 Jennings Garden,2227.22
Italy,Milan,SHOP0057 Emily Way,2193.78
Spain,Madrid,SHOP0062 Paula Mills,2161.07
Germany,Hamburg,SHOP0008 Rachael Mountain,1996.32
Germany,Munich,SHOP0015 Hurst Ferry,1989.50
Poland,Krakow,SHOP0070 Moses Land,1933.90
Germany,Munich,SHOP0014 Barnes Union,1908.72
Italy,Turin,SHOP0060 Myers Orchard,1899.43
Poland,Gdansk,SHOP0071 Candace Plaza,1892.15
Germany,Hamburg,SHOP0007 Jones Canyon,1877.84
France,Marseille,SHOP0044 Matthew Shore,1785.12
Germany,Frankfurt,SHOP0031 Reilly Neck,1733.81
Italy,Rome,SHOP0052 Frank Ramp,1731.80
Germany,Hamburg,SHOP0013 Arellano Ramp,1715.80
France,Paris,SHOP0034 Pamela Stream,1707.69
France,Paris,SHOP0035 William Roads,1699.59
Germany,Berlin,SHOP0005 Lopez Groves,1696.94
Italy,Rome,SHOP0054 Allen Ford,1630.19
Germany,Hamburg,SHOP0009 Hart Locks,1621.39
Germany,Frankfurt,SHOP0029 Shelby Skyway,1476.30
Italy,Naples,SHOP0059 Cline Groves,1445.21
Germany,Berlin,SHOP0001 Moore Mills,1326.93
Germany,Munich,SHOP0021 Virginia Tunnel,1230.13
Poland,Warsaw,SHOP0069 Cooper Wells,1203.18
France,Lyon,SHOP0040 Hernandez Trace,1168.75
Spain,Barcelona,SHOP0065 Jacqueline Crest,1162.77
France,Paris,SHOP0037 Tyler Union,1096.52
Germany,Munich,SHOP0018 Anthony Radial,1064.38
Italy,Turin,SHOP0061 Daniel Groves,1056.97
Germany,Frankfurt,SHOP0028 Lisa Keys,1049.91
Germany,Hamburg,SHOP0010 Fernandez Inlet,965.75
France,Toulouse,SHOP0047 Dunn Squares,909.29
France,Toulouse,SHOP0048 Myers Springs,897.47
Germany,Berlin,SHOP0004 Candace Isle,765.97
France,Toulouse,SHOP0050 Jordan Spurs,612.37
Italy,Naples,SHOP0058 Robert Mission,354.93
