"full_date","revenue","expected_revenue","uplift(%)"
2022-01-01,163028.47,,0.00
2022-01-02,167757.09,163028.47,1.43
2022-01-03,191106.86,165392.78,9.85
2022-01-04,171120.96,173964.14,-1.23
2022-01-05,167286.04,173253.35,-2.77
2022-01-06,173545.06,172059.88,0.72
2022-01-07,168172.97,172307.41,-2.06
2022-01-08,172154.40,171716.78,0.22
2022-01-09,165599.35,171771.48,-3.21
2022-01-10,166396.30,171085.69,-2.47
2022-01-11,164803.77,170616.75,-3.11
2022-01-12,191857.36,170088.30,11.61
2022-01-13,162843.61,171902.39,-4.88
2022-01-14,166297.55,171205.56,-2.67
2022-01-15,167194.13,170854.99,-2.00
2022-01-16,173549.10,170610.93,1.61
2022-01-17,169108.08,170794.56,-0.93
2022-01-18,170403.77,170695.36,-0.16
2022-01-19,171708.78,170679.16,0.57
2022-01-20,165330.45,170733.35,-3.01
2022-01-21,175036.88,170463.21,2.55
2022-01-22,170938.48,170681.00,0.14
2022-01-23,172889.62,170692.70,1.23
2022-01-24,168493.21,170788.22,-1.29
2022-01-25,169742.55,170692.60,-0.53
2022-01-26,164484.73,170654.59,-3.48
2022-01-27,163365.11,170417.29,-3.99
2022-01-28,170681.43,170156.10,0.30
2022-01-29,163019.12,170174.86,-4.07
2022-01-30,171549.95,169928.11,0.92
2022-01-31,161648.98,169982.17,-4.75
2022-02-01,174189.11,169936.19,2.42
2022-02-02,176506.69,170150.59,3.61
2022-02-03,187327.63,169663.92,10.04
2022-02-04,179069.02,170204.14,5.03
2022-02-05,194329.23,170596.91,13.40
2022-02-06,187526.94,171289.71,9.15
2022-02-07,231862.98,171934.84,33.36
2022-02-08,178165.52,173925.13,2.36
2022-02-09,185051.02,174344.00,5.93
2022-02-10,191763.14,174965.83,9.26
2022-02-11,270930.91,175864.47,51.42
2022-02-12,192928.22,178500.26,7.80
2022-02-13,179598.97,179503.08,0.05
2022-02-14,187332.84,179946.46,3.97
2022-02-15,200784.61,180617.75,10.77
2022-02-16,184959.29,181525.60,1.83
2022-02-17,178940.01,182053.97,-1.66
2022-02-18,184196.33,182338.51,0.99
2022-02-19,185400.33,182754.77,1.40
2022-02-20,187314.51,183423.76,2.05
2022-02-21,184341.91,183833.02,0.27
2022-02-22,177540.67,184279.80,-3.54
2022-02-23,178455.27,184434.83,-3.14
2022-02-24,175661.27,184766.90,-4.78
2022-02-25,194140.08,184964.19,4.79
2022-02-26,185319.80,185952.70,-0.33
2022-02-27,184393.91,186684.53,-1.19
2022-02-28,207328.02,187141.61,10.40
2022-03-01,163934.56,188618.57,-12.72
2022-03-02,165396.23,188364.73,-11.85
2022-03-03,153506.61,188489.63,-18.07
2022-03-04,164681.81,187800.22,-11.96
2022-03-05,164252.06,187406.05,-12.00
2022-03-06,162944.82,186636.87,-12.34
2022-03-07,162895.55,186099.40,-12.12
2022-03-08,169738.04,185051.61,-8.03
2022-03-09,165235.93,184458.64,-10.12
2022-03-10,187241.03,182237.74,2.65
2022-03-11,155264.31,182540.26,-14.53
2022-03-12,171894.23,181547.37,-5.15
2022-03-13,169311.99,180885.07,-6.20
2022-03-14,207931.92,177497.77,16.50
2022-03-15,165087.27,177997.90,-7.04
2022-03-16,161333.21,177514.17,-8.85
2022-03-17,159348.38,176647.52,-9.51
2022-03-18,190623.67,175266.31,8.46
2022-03-19,164107.83,175455.12,-6.27
2022-03-20,170717.85,174960.72,-2.35
2022-03-21,160967.10,174511.44,-7.53
2022-03-22,157938.04,173696.99,-8.81
2022-03-23,160018.14,172717.78,-7.13
2022-03-24,154056.64,171906.99,-10.08
2022-03-25,206279.69,171124.19,19.75
2022-03-26,178903.38,172051.67,3.85
2022-03-27,171354.92,172159.74,-0.45
2022-03-28,160920.00,171400.23,-5.93
2022-03-29,162179.05,170586.90,-4.78
2022-03-30,160484.82,169846.41,-5.34
2022-03-31,163671.92,168284.97,-2.66
2022-04-01,166515.84,168276.21,-1.01
2022-04-02,168153.14,168313.54,-0.09
2022-04-03,165753.75,168801.75,-1.75
2022-04-04,169303.96,168837.48,0.27
2022-04-05,172567.46,169005.88,2.04
2022-04-06,172443.16,169326.64,1.78
2022-04-07,173267.24,169644.89,2.06
2022-04-08,166288.12,169762.53,-1.98
2022-04-09,157882.67,169797.60,-6.81
2022-04-10,172721.86,168818.99,2.24
2022-04-11,159099.34,169400.91,-5.90
2022-04-12,166632.20,168974.41,-1.34
2022-04-13,171805.18,168885.09,1.67
2022-04-14,167532.79,167680.86,-0.09
2022-04-15,164175.99,167762.38,-2.07
2022-04-16,164962.52,167857.14,-1.67
2022-04-17,162527.47,168044.28,-3.18
2022-04-18,169046.98,167107.74,1.12
2022-04-19,162162.66,167272.37,-2.96
2022-04-20,166818.39,166987.20,-0.10
2022-04-21,205643.00,167182.24,22.10
2022-04-22,202273.90,168772.41,19.09
2022-04-23,166354.44,170180.93,-2.18
2022-04-24,173978.00,170590.86,1.92
2022-04-25,168448.57,169514.14,-0.61
2022-04-26,175062.92,169165.64,3.37
2022-04-27,173497.61,169289.24,2.40
2022-04-28,166213.99,169708.50,-1.99
2022-04-29,183301.04,169843.00,7.65
2022-04-30,191262.09,170603.54,11.67
2022-05-01,182415.75,171523.21,6.13
2022-05-02,171054.60,172053.21,-0.56
2022-05-03,178590.42,172149.92,3.62
2022-05-04,215892.08,172577.81,24.09
2022-05-05,184538.46,174130.75,5.77
2022-05-06,166146.27,174529.78,-4.66
2022-05-07,176453.31,174319.89,1.18
2022-05-08,163704.41,174426.09,-5.96
2022-05-09,176489.77,174339.96,1.19
2022-05-10,170455.26,174960.20,-2.49
2022-05-11,174032.45,174884.65,-0.47
2022-05-12,175917.38,175382.42,0.30
2022-05-13,177766.62,175691.92,1.14
2022-05-14,176015.70,175890.64,0.07
2022-05-15,176267.31,176173.40,0.05
2022-05-16,186624.72,176576.45,5.50
2022-05-17,175391.32,177298.52,-1.04
2022-05-18,186575.22,177727.31,4.81
2022-05-19,175068.86,178311.59,-1.76
2022-05-20,175214.51,178741.80,-1.91
2022-05-21,171026.46,179021.67,-4.33
2022-05-22,203195.40,177867.78,13.72
2022-05-23,179581.10,177898.50,0.92
2022-05-24,181901.95,178339.39,1.93
2022-05-25,175760.73,178603.52,-1.54
2022-05-26,192576.21,178847.26,7.41
2022-05-27,208735.10,179431.03,15.72
2022-05-28,174538.57,180605.62,-3.25
2022-05-29,185265.74,180883.10,2.34
2022-05-30,166809.52,180948.59,-7.58
2022-05-31,191731.76,180133.51,6.22
2022-06-01,205039.35,180444.04,13.13
2022-06-02,246125.27,181576.87,34.01
2022-06-03,193086.09,183828.03,4.87
2022-06-04,213939.57,183067.83,16.23
2022-06-05,197939.61,184047.86,7.29
2022-06-06,198736.52,185107.64,7.11
2022-06-07,201888.18,185850.42,8.33
2022-06-08,204253.21,187123.21,8.83
2022-06-09,192378.10,188048.66,2.23
2022-06-10,202658.49,188779.42,7.10
2022-06-11,205440.80,189733.62,7.99
2022-06-12,269766.58,190717.73,39.58
2022-06-13,199843.07,193784.40,3.02
2022-06-14,203697.19,194578.64,4.53
2022-06-15,202459.96,195492.97,3.44
2022-06-16,206211.62,196020.81,5.02
2022-06-17,216962.79,197048.16,9.75
2022-06-18,214966.05,198061.08,8.24
2022-06-19,204735.36,199390.98,2.59
2022-06-20,200612.30,200375.01,0.11
2022-06-21,208128.12,201361.21,3.25
2022-06-22,197631.61,201525.63,-1.87
2022-06-23,207041.83,202127.31,2.35
2022-06-24,200432.50,202965.31,-1.21
2022-06-25,200810.20,203787.70,-1.41
2022-06-26,200689.06,204062.17,-1.60
2022-06-27,195560.35,203793.97,-3.91
2022-06-28,213116.33,204494.69,4.07
2022-06-29,197664.70,205423.05,-3.66
2022-06-30,251550.46,206451.55,20.99
2022-07-01,214106.34,208445.51,2.63
2022-07-02,220351.74,208747.74,5.37
2022-07-03,212634.61,207888.62,2.21
2022-07-04,221376.34,208540.24,5.94
2022-07-05,204909.14,208788.13,-1.80
2022-07-06,208997.95,209020.45,-0.01
2022-07-07,211992.73,209362.50,1.22
2022-07-08,221175.37,209699.32,5.29
2022-07-09,202232.26,210263.39,-3.70
2022-07-10,268786.13,210591.86,26.51
2022-07-11,279075.69,212796.12,29.84
2022-07-12,256877.74,215250.61,18.60
2022-07-13,251638.32,214820.98,16.49
2022-07-14,271404.37,216547.49,24.32
2022-07-15,261546.97,218804.40,18.79
2022-07-16,265830.81,220773.97,19.62
2022-07-17,283857.10,222761.27,26.31
2022-07-18,261945.54,224991.08,15.81
2022-07-19,262771.88,226557.07,15.39
2022-07-20,270396.85,228491.62,17.64
2022-07-21,269904.30,230817.77,16.30
2022-07-22,263676.49,232876.97,12.74
2022-07-23,255155.83,235078.47,8.24
2022-07-24,253810.85,236682.27,6.99
2022-07-25,255022.34,238461.55,6.71
2022-07-26,203782.78,240268.62,-14.77
2022-07-27,212651.88,240371.74,-11.20
2022-07-28,216359.53,240941.46,-9.91
2022-07-29,206528.51,241049.57,-13.92
2022-07-30,210870.46,241345.03,-12.27
2022-07-31,205963.87,239989.03,-13.78
2022-08-01,192307.57,239717.61,-19.26
2022-08-02,197996.30,238782.81,-16.62
2022-08-03,191463.76,238294.86,-19.14
2022-08-04,220542.48,237297.78,-6.85
2022-08-05,191548.34,237818.89,-18.95
2022-08-06,192267.71,237237.24,-18.46
2022-08-07,189531.04,236579.73,-19.37
2022-08-08,184067.19,235524.92,-21.29
2022-08-09,186741.90,234919.42,-19.98
2022-08-10,249036.22,232184.61,7.01
2022-08-11,197837.99,231183.30,-14.02
2022-08-12,192645.58,229215.31,-15.52
2022-08-13,202427.12,227248.88,-10.61
2022-08-14,187534.71,224949.64,-16.18
2022-08-15,215254.03,222482.56,-3.15
2022-08-16,195777.88,220796.67,-11.01
2022-08-17,189364.92,217860.70,-12.71
2022-08-18,187057.32,215441.34,-12.80
2022-08-19,189304.54,212917.53,-10.77
2022-08-20,188527.54,210214.45,-10.02
2022-08-21,186917.39,207501.89,-9.63
2022-08-22,189962.39,204943.25,-7.09
2022-08-23,182078.61,202770.14,-9.91
2022-08-24,185007.78,200379.06,-7.44
2022-08-25,187433.18,198045.24,-5.19
2022-08-26,205267.14,197500.26,3.80
2022-08-27,199177.42,197254.10,0.94
2022-08-28,196513.96,196681.36,-0.08
2022-08-29,184992.64,196347.54,-5.61
2022-08-30,197170.66,195484.95,0.83
2022-08-31,182175.08,195191.84,-6.47
2022-09-01,172127.00,194854.09,-11.33
2022-09-02,178543.12,193991.78,-7.73
2022-09-03,175649.51,193561.10,-8.98
2022-09-04,172580.52,192064.66,-9.85
2022-09-05,224925.65,191432.40,16.84
2022-09-06,171348.36,192521.00,-10.68
2022-09-07,179822.77,191914.91,-6.11
2022-09-08,183107.74,191773.43,-4.38
2022-09-09,179484.89,191652.29,-6.16
2022-09-10,177139.65,189333.91,-6.25
2022-09-11,173424.68,188643.97,-7.83
2022-09-12,175947.68,188003.27,-6.22
2022-09-13,217718.37,187120.63,15.74
2022-09-14,177811.05,188126.75,-5.32
2022-09-15,173409.49,186878.65,-6.99
2022-09-16,185878.42,186133.04,-0.13
2022-09-17,186116.12,186016.82,0.05
2022-09-18,186298.96,185985.45,0.16
2022-09-19,180237.57,185885.26,-2.94
2022-09-20,180963.85,185608.93,-2.42
2022-09-21,171904.42,185410.48,-7.07
2022-09-22,175034.86,184808.54,-5.13
2022-09-23,266348.19,184573.75,42.27
2022-09-24,171621.84,187285.10,-8.12
2022-09-25,181288.34,186758.05,-2.84
2022-09-26,181295.08,185958.76,-2.43
2022-09-27,192982.66,185362.68,3.97
2022-09-28,172384.20,185244.97,-6.73
2022-09-29,179061.43,184824.69,-3.02
2022-09-30,173668.85,184221.05,-5.55
2022-10-01,159514.66,183937.51,-12.90
2022-10-02,167627.02,183517.10,-8.40
2022-10-03,162289.26,183153.23,-11.06
2022-10-04,191061.15,182707.89,4.42
2022-10-05,172016.77,183323.91,-5.98
2022-10-06,171958.81,181560.28,-5.13
2022-10-07,178745.40,181580.63,-1.51
2022-10-08,172728.99,181544.71,-4.71
2022-10-09,180657.46,181198.76,-0.29
2022-10-10,162155.90,181237.84,-10.22
2022-10-11,162785.80,180738.38,-9.64
2022-10-12,176452.34,180383.75,-2.11
2022-10-13,164043.75,180400.58,-8.80
2022-10-14,161951.77,178611.42,-9.05
2022-10-15,168903.72,178082.78,-5.00
2022-10-16,175915.21,177932.59,-1.10
2022-10-17,169962.78,177600.48,-4.17
2022-10-18,170623.73,177062.03,-3.52
2022-10-19,187657.32,176539.53,6.08
2022-10-20,165040.20,176786.85,-6.44
2022-10-21,174783.35,176256.06,-0.81
2022-10-22,168365.99,176352.03,-4.39
2022-10-23,169853.81,176129.73,-3.45
2022-10-24,162728.80,172913.25,-5.71
2022-10-25,178760.74,172616.82,3.44
2022-10-26,160867.83,172532.57,-6.56
2022-10-27,167007.79,171851.66,-2.73
2022-10-28,169487.11,170985.83,-0.85
2022-10-29,165945.85,170889.26,-2.80
2022-10-30,175922.47,170452.07,3.10
2022-10-31,164774.29,170527.19,-3.27
2022-11-01,182094.44,170702.51,6.44
2022-11-02,185876.51,171184.76,8.28
2022-11-03,180778.36,171971.00,4.95
2022-11-04,186148.40,171628.24,8.17
2022-11-05,184839.56,172099.30,7.15
2022-11-06,179599.85,172528.66,3.96
2022-11-07,171539.17,172557.14,-0.57
2022-11-08,173918.46,172517.48,0.79
2022-11-09,200275.52,172292.84,15.64
2022-11-10,183912.67,173563.50,5.76
2022-11-11,186612.21,174267.73,6.84
2022-11-12,194866.65,174606.39,11.19
2022-11-13,169646.34,175633.82,-3.30
2022-11-14,177134.88,175890.30,0.68
2022-11-15,194888.67,176164.68,10.25
2022-11-16,177280.19,176797.13,0.26
2022-11-17,170364.65,177041.04,-3.65
2022-11-18,179746.54,177032.40,1.48
2022-11-19,183977.84,176768.71,3.94
2022-11-20,182736.31,177399.96,2.91
2022-11-21,171543.24,177665.06,-3.34
2022-11-22,173437.92,177770.97,-2.36
2022-11-23,199153.35,177890.44,11.52
2022-11-24,177329.13,179104.59,-0.96
2022-11-25,520442.14,179056.87,173.82
2022-11-26,199828.76,191042.68,4.44
2022-11-27,186449.35,192136.72,-2.87
2022-11-28,206510.80,192702.12,6.92
2022-11-29,177291.38,194054.29,-8.38
2022-11-30,177969.74,194099.92,-8.06
2022-12-01,208051.49,194539.77,6.71
2022-12-02,202166.34,195405.00,3.34
2022-12-03,206535.41,195948.00,5.22
2022-12-04,214259.44,196806.57,8.56
2022-12-05,214080.73,197743.60,7.97
2022-12-06,208348.81,198718.31,4.68
2022-12-07,225132.34,199676.60,12.29
2022-12-08,210422.56,201463.04,4.30
2022-12-09,217287.49,202679.85,6.96
2022-12-10,198326.05,203246.91,-2.34
2022-12-11,210208.90,203727.36,3.08
2022-12-12,207958.76,204513.91,1.63
2022-12-13,207272.31,204950.32,1.10
2022-12-14,215338.06,206204.52,4.28
2022-12-15,201947.29,207477.96,-2.58
2022-12-16,207956.33,207713.24,0.11
2022-12-17,201967.45,208735.78,-3.14
2022-12-18,209824.60,209789.21,0.02
2022-12-19,202237.68,210791.81,-3.93
2022-12-20,215828.22,211400.47,2.03
2022-12-21,227912.03,212503.54,7.00
2022-12-22,205719.77,214382.50,-3.92
2022-12-23,208388.93,215458.56,-3.18
2022-12-24,212945.00,215766.41,-1.27
2022-12-25,209064.24,216953.61,-3.52
2022-12-26,204639.94,206574.34,-0.91
2022-12-27,205293.47,206734.71,-0.67
2022-12-28,214640.41,207362.85,3.39
2022-12-29,210707.68,207633.84,1.43
2022-12-30,206953.57,208747.72,-0.83
2022-12-31,209007.29,209713.84,-0.33
2023-01-01,167533.28,209745.70,-19.60
2023-01-02,164241.71,208591.27,-20.72
2023-01-03,164767.10,207181.48,-19.94
2023-01-04,171783.89,205531.73,-15.97
2023-01-05,166255.67,204121.84,-18.06
2023-01-06,176993.19,202718.73,-12.33
2023-01-07,164656.54,201114.10,-17.65
2023-01-08,172698.88,199588.56,-13.09
2023-01-09,168874.51,198102.27,-14.35
2023-01-10,176875.77,197120.56,-9.97
2023-01-11,169048.13,196009.45,-13.37
2023-01-12,172549.66,194712.43,-11.06
2023-01-13,168258.34,193555.01,-12.70
2023-01-14,210175.82,191985.69,9.14
2023-01-15,167118.71,192259.97,-12.71
2023-01-16,183907.00,190898.72,-3.55
2023-01-17,167671.41,190296.70,-11.55
2023-01-18,164804.12,188891.59,-12.39
2023-01-19,175184.55,187643.81,-6.44
2023-01-20,244045.62,186289.02,29.71
2023-01-21,171512.82,186826.81,-7.95
2023-01-22,169479.21,185686.58,-8.47
2023-01-23,167922.99,184389.58,-8.67
2023-01-24,170925.34,182888.85,-6.34
2023-01-25,168492.63,181617.55,-7.01
2023-01-26,164470.86,180412.64,-8.58
2023-01-27,169204.51,179051.89,-5.33
2023-01-28,168845.05,177537.36,-4.75
2023-01-29,176579.34,176141.94,0.24
2023-01-30,162885.50,175129.46,-6.78
2023-01-31,172677.18,173592.07,-0.51
2023-02-01,194673.10,173763.54,11.60
2023-02-02,193742.53,174777.91,10.46
2023-02-03,185711.91,175743.76,5.48
2023-02-04,177915.79,176208.03,0.94
2023-02-05,187859.66,176596.70,6.16
2023-02-06,182051.83,176958.92,2.78
2023-02-07,183374.53,177538.76,3.18
2023-02-08,181679.52,177894.61,2.06
2023-02-09,179469.03,178321.45,0.62
2023-02-10,184848.77,178407.89,3.49
2023-02-11,201049.72,178934.58,11.91
2023-02-12,182195.69,179884.58,1.24
2023-02-13,179608.48,180349.16,-0.40
2023-02-14,175505.23,179330.25,-2.07
2023-02-15,195992.96,179609.80,8.80
2023-02-16,172418.28,180012.66,-4.09
2023-02-17,177538.45,180170.89,-1.41
2023-02-18,181176.87,180595.37,0.31
2023-02-19,177835.54,180795.11,-1.59
2023-02-20,181076.30,178588.11,1.35
2023-02-21,175810.73,178906.89,-1.68
2023-02-22,180701.09,179117.94,0.86
2023-02-23,178175.72,179543.88,-0.74
2023-02-24,176700.31,179785.56,-1.66
2023-02-25,177272.90,180059.15,-1.50
2023-02-26,178106.65,180485.88,-1.28
2023-02-27,178212.19,180782.62,-1.38
2023-02-28,181457.45,181094.86,0.19
2023-03-01,160421.65,181257.46,-11.17
2023-03-02,169336.16,181175.34,-6.34
2023-03-03,168535.10,181063.97,-6.71
2023-03-04,172883.66,180192.70,-3.93
2023-03-05,159313.16,179497.41,-10.92
2023-03-06,164606.11,178617.45,-7.61
2023-03-07,168844.28,178173.79,-5.08
2023-03-08,163616.07,177539.95,-7.61
2023-03-09,164778.44,176925.42,-6.66
2023-03-10,161903.85,176305.55,-7.93
2023-03-11,161099.46,175646.36,-8.04
2023-03-12,157533.36,175034.04,-9.71
2023-03-13,154338.86,174123.53,-11.04
2023-03-14,174575.63,172566.50,1.13
2023-03-15,179409.09,172312.50,3.98
2023-03-16,165777.86,172305.85,-3.67
2023-03-17,172977.40,171981.61,0.56
2023-03-18,166333.23,171214.42,-2.76
2023-03-19,167175.26,171011.59,-2.17
2023-03-20,179726.95,170666.15,5.13
2023-03-21,165517.48,170617.82,-2.90
2023-03-22,183544.79,170207.21,7.56
2023-03-23,176169.66,170289.50,3.34
2023-03-24,221224.34,170301.46,28.66
2023-03-25,170028.11,171652.24,-0.92
2023-03-26,156648.27,171380.65,-8.34
2023-03-27,158720.79,170712.25,-6.81
2023-03-28,158116.00,170093.84,-6.83
2023-03-29,163582.64,169427.49,-3.34
2023-03-30,166884.97,168939.84,-1.18
2023-03-31,162052.91,168454.09,-3.68
2023-04-01,171379.16,168508.46,1.65
2023-04-02,168409.11,168576.56,-0.10
2023-04-03,163421.89,168572.36,-2.96
2023-04-04,163980.94,168256.97,-2.46
2023-04-05,163685.16,168412.56,-2.72
2023-04-06,170253.59,168381.87,1.08
2023-04-07,163410.27,168428.84,-2.89
2023-04-08,178408.19,168421.98,5.73
2023-04-09,173284.82,168876.31,2.52
2023-04-10,170705.33,169255.67,0.83
2023-04-11,168624.02,169575.87,-0.54
2023-04-12,181801.88,169945.56,6.74
2023-04-13,164398.81,170860.99,-3.66
2023-04-14,163474.28,170521.76,-4.00
2023-04-15,169914.54,169990.60,-0.04
2023-04-16,166910.44,170128.49,-1.83
2023-04-17,173640.89,169926.26,2.11
2023-04-18,164397.62,170169.85,-3.29
2023-04-19,223331.98,170077.26,30.00
2023-04-20,156287.64,171530.76,-8.62
2023-04-21,171558.23,171223.10,0.19
2023-04-22,164045.83,170823.55,-3.84
2023-04-23,167433.45,170419.42,-1.70
2023-04-24,177512.73,168626.39,5.09
2023-04-25,167522.32,168875.88,-0.78
2023-04-26,192177.05,169238.35,13.06
2023-04-27,164942.63,170353.56,-3.08
2023-04-28,164885.87,170581.11,-3.23
2023-04-29,158258.80,170624.55,-7.03
2023-04-30,159350.89,170337.01,-6.25
2023-05-01,186647.36,170246.95,9.29
2023-05-02,203499.68,170755.89,18.44
2023-05-03,184468.20,171925.57,7.04
2023-05-04,185078.92,172627.11,6.96
2023-05-05,177867.16,173330.38,2.53
2023-05-06,177651.70,173803.11,2.14
2023-05-07,187045.56,174049.72,7.21
2023-05-08,190239.80,174837.56,8.50
2023-05-09,177021.38,175231.95,0.99
2023-05-10,185018.61,175356.50,5.32
2023-05-11,177654.44,175833.61,1.00
2023-05-12,166009.51,176134.62,-5.57
2023-05-13,171020.53,175608.21,-2.53
2023-05-14,166487.94,175828.93,-5.15
2023-05-15,232852.29,175929.39,30.99
2023-05-16,168139.95,178027.32,-5.38
2023-05-17,177067.81,178068.30,-0.54
2023-05-18,172061.66,178182.53,-3.33
2023-05-19,175723.14,178438.00,-1.47
2023-05-20,175401.80,176851.04,-0.79
2023-05-21,203189.98,177488.17,13.95
2023-05-22,169320.75,178542.57,-5.01
2023-05-23,177389.16,178718.40,-0.72
2023-05-24,181919.41,179050.25,1.55
2023-05-25,179250.82,179197.14,0.03
2023-05-26,173781.39,179588.09,-3.13
2023-05-27,182211.37,178974.90,1.75
2023-05-28,182084.70,179550.53,1.37
2023-05-29,182447.01,180123.82,1.25
2023-05-30,179512.32,180930.10,-0.76
2023-05-31,180899.76,181602.15,-0.37
2023-06-01,203300.76,181410.56,11.63
2023-06-02,192981.29,181403.93,6.16
2023-06-03,205431.72,181687.70,12.59
2023-06-04,214543.52,182366.12,16.98
2023-06-05,202524.42,183588.67,9.95
2023-06-06,202365.26,184417.76,9.39
2023-06-07,208248.93,184928.42,12.15
2023-06-08,203607.18,185528.72,9.40
2023-06-09,200797.10,186414.91,7.45
2023-06-10,205581.52,186940.86,9.62
2023-06-11,212059.20,187871.77,12.41
2023-06-12,204715.34,189406.76,7.80
2023-06-13,194100.72,190529.92,1.81
2023-06-14,217367.92,191450.34,13.04
2023-06-15,198218.30,190934.20,3.69
2023-06-16,199093.06,191936.81,3.60
2023-06-17,207065.14,192670.98,7.21
2023-06-18,223486.93,193837.77,14.73
2023-06-19,196106.54,195429.89,0.34
2023-06-20,193209.42,196120.05,-1.44
2023-06-21,248122.86,195787.37,25.65
2023-06-22,211341.62,198414.10,6.29
2023-06-23,208371.15,199545.85,4.27
2023-06-24,198938.51,200427.58,-0.72
2023-06-25,199432.79,201083.83,-0.79
2023-06-26,207060.69,201938.88,2.45
2023-06-27,200587.51,202767.19,-1.04
2023-06-28,192823.75,203383.95,-5.03
2023-06-29,195644.78,203729.84,-3.85
2023-06-30,205247.66,204267.59,0.46
2023-07-01,226295.24,205079.19,9.98
2023-07-02,209915.14,205845.67,1.91
2023-07-03,217684.35,206410.13,5.28
2023-07-04,216855.50,206818.55,4.69
2023-07-05,211475.83,206895.62,2.14
2023-07-06,211992.77,207194.00,2.24
2023-07-07,204037.18,207514.92,-1.62
2023-07-08,200961.77,207374.52,-3.00
2023-07-09,212793.30,207286.34,2.57
2023-07-10,242927.37,207686.22,16.33
2023-07-11,263035.18,208931.08,24.85
2023-07-12,255465.13,210630.28,20.46
2023-07-13,281282.21,212321.94,31.11
2023-07-14,371651.63,215227.99,68.72
2023-07-15,253916.27,220370.78,14.66
2023-07-16,256080.23,222227.38,14.67
2023-07-17,258420.35,224126.95,14.73
2023-07-18,244825.65,225838.79,8.11
2023-07-19,274841.29,226550.08,20.49
2023-07-20,264102.11,229174.57,14.68
2023-07-21,264878.69,231537.66,13.87
2023-07-22,268794.27,232096.19,15.22
2023-07-23,254372.55,234011.28,8.40
2023-07-24,274487.43,235544.66,15.91
2023-07-25,247495.47,238062.95,3.83
2023-07-26,203966.02,239665.04,-14.48
2023-07-27,239954.44,239561.89,0.16
2023-07-28,206065.60,240874.12,-14.05
2023-07-29,211628.34,241315.51,-11.95
2023-07-30,212417.32,241848.30,-11.82
2023-07-31,213132.43,242087.29,-11.62
2023-08-01,199207.62,241648.53,-17.09
2023-08-02,185888.30,241291.61,-22.39
2023-08-03,190137.49,240231.74,-20.32
2023-08-04,184972.81,239341.14,-22.15
2023-08-05,187103.09,238457.71,-20.99
2023-08-06,208906.27,237628.05,-11.74
2023-08-07,191378.88,237790.35,-19.01
2023-08-08,191843.42,237470.92,-18.71
2023-08-09,192122.31,236772.60,-18.36
2023-08-10,184621.34,235079.09,-20.92
2023-08-11,184535.98,232465.30,-20.09
2023-08-12,192857.30,230100.99,-15.75
2023-08-13,188100.71,227153.50,-16.73
2023-08-14,199577.29,221035.13,-9.42
2023-08-15,194213.39,219223.83,-11.08
2023-08-16,213567.47,217161.61,-1.60
2023-08-17,198057.15,215666.51,-7.92
2023-08-18,203044.59,214107.56,-5.01
2023-08-19,188923.49,211714.34,-10.45
2023-08-20,201973.38,209208.38,-3.35
2023-08-21,229168.54,207111.54,10.27
2023-08-22,183601.80,205790.68,-10.47
2023-08-23,192841.31,203431.66,-5.05
2023-08-24,190232.13,200710.12,-5.06
2023-08-25,203349.30,198801.34,2.21
2023-08-26,180805.25,198780.78,-8.78
2023-08-27,187933.47,196809.14,-4.37
2023-08-28,181400.30,196204.74,-7.32
2023-08-29,182913.76,195197.14,-6.10
2023-08-30,181302.14,194213.69,-6.45
2023-08-31,185562.52,193152.68,-3.81
2023-09-01,180392.70,192697.84,-6.19
2023-09-02,174812.57,192514.65,-8.93
2023-09-03,180503.67,192003.82,-5.81
2023-09-04,173392.68,191854.85,-9.34
2023-09-05,175528.06,191397.84,-8.05
2023-09-06,179290.40,190285.23,-5.60
2023-09-07,211246.86,189882.28,10.85
2023-09-08,179766.39,190529.06,-5.48
2023-09-09,187783.75,190117.20,-1.19
2023-09-10,182353.82,190222.61,-4.01
2023-09-11,191346.03,190149.87,0.61
2023-09-12,179302.96,190099.50,-5.51
2023-09-13,197304.88,189806.24,3.82
2023-09-14,182590.12,189730.49,-3.65
2023-09-15,206754.61,189343.05,8.87
2023-09-16,197266.58,189115.95,4.17
2023-09-17,226245.66,189089.60,18.90
2023-09-18,177330.37,189862.97,-6.40
2023-09-19,187974.85,189476.53,-0.77
2023-09-20,176674.07,189009.92,-6.33
2023-09-21,180784.76,187260.10,-3.35
2023-09-22,223397.18,187166.20,18.62
2023-09-23,176904.80,188184.73,-5.81
2023-09-24,183445.28,187740.48,-2.22
2023-09-25,182057.67,187077.02,-2.60
2023-09-26,191625.40,187118.76,2.33
2023-09-27,179810.38,187241.83,-3.85
2023-09-28,206319.85,187188.83,9.86
2023-09-29,174343.38,187969.03,-7.03
2023-09-30,179870.71,187737.08,-4.06
2023-10-01,173706.83,187547.35,-7.16
2023-10-02,178951.50,187324.49,-4.33
2023-10-03,169318.00,187462.45,-9.40
2023-10-04,180641.47,187089.59,-3.34
2023-10-05,170023.75,187331.22,-8.97
2023-10-06,163335.48,187147.74,-12.36
2023-10-07,172920.47,186615.91,-7.12
2023-10-08,159714.26,185338.37,-13.44
2023-10-09,192874.24,184669.96,4.29
2023-10-10,170320.32,184839.65,-7.62
2023-10-11,170674.96,184438.53,-7.24
2023-10-12,162207.06,183749.49,-11.39
2023-10-13,173533.97,183179.63,-5.10
2023-10-14,164518.43,182387.27,-9.51
2023-10-15,171460.27,181784.88,-5.51
2023-10-16,175497.38,180608.40,-2.74
2023-10-17,165720.26,179882.76,-7.64
2023-10-18,163383.54,177865.25,-7.90
2023-10-19,168949.62,177400.35,-4.62
2023-10-20,160799.99,176766.18,-8.77
2023-10-21,163940.21,176237.04,-6.77
2023-10-22,162809.53,175675.56,-7.10
2023-10-23,165370.98,173655.97,-4.62
2023-10-24,174368.61,173271.51,0.61
2023-10-25,164654.98,172968.95,-4.66
2023-10-26,206942.26,172388.86,19.27
2023-10-27,174647.44,172899.42,0.98
2023-10-28,168297.24,172727.33,-2.48
2023-10-29,174741.77,171459.90,1.85
2023-10-30,174325.87,171473.18,1.61
2023-10-31,180593.31,171288.36,5.25
2023-11-01,174928.15,171517.91,1.92
2023-11-02,212742.54,171383.79,23.17
2023-11-03,217501.78,172831.28,24.81
2023-11-04,187492.71,174059.96,7.45
2023-11-05,180217.61,174642.25,3.09
2023-11-06,179495.36,175204.99,2.37
2023-11-07,192916.18,175424.16,9.62
2023-11-08,170548.59,176530.89,-3.28
2023-11-09,178166.28,175786.70,1.31
2023-11-10,175739.76,176048.23,-0.17
2023-11-11,193979.11,176217.06,9.72
2023-11-12,180146.30,177276.12,1.57
2023-11-13,185668.38,177496.54,4.45
2023-11-14,199917.99,178201.53,11.75
2023-11-15,185175.01,179150.12,3.25
2023-11-16,176303.86,179472.71,-1.71
2023-11-17,170855.92,179825.50,-4.83
2023-11-18,211163.35,180074.58,16.61
2023-11-19,188301.83,181481.70,3.63
2023-11-20,184870.37,182398.43,1.31
2023-11-21,177379.46,183096.10,-3.02
2023-11-22,175785.41,183581.77,-4.12
2023-11-23,178868.13,183928.91,-2.67
2023-11-24,179521.59,184078.90,-2.40
2023-11-25,212659.87,184574.45,14.65
2023-11-26,179541.56,184765.04,-2.74
2023-11-27,183950.68,184928.18,-0.51
2023-11-28,178755.11,185449.96,-3.50
2023-11-29,210223.75,185583.74,12.79
2023-11-30,186118.61,186780.33,-0.34
2023-12-01,203264.61,186964.51,8.41
2023-12-02,209890.90,187909.06,11.28
2023-12-03,210678.86,187814.00,11.74
2023-12-04,232290.24,187586.57,22.89
2023-12-05,204170.52,189079.82,7.70
2023-12-06,223201.27,189878.25,16.89
2023-12-07,211933.85,191335.12,10.38
2023-12-08,210067.18,191969.04,9.10
2023-12-09,212359.82,193286.33,9.52
2023-12-10,232508.30,194426.11,18.84
2023-12-11,209211.34,196318.39,6.34
2023-12-12,207843.24,196826.14,5.41
2023-12-13,234131.52,197749.37,17.70
2023-12-14,207411.81,199364.81,3.90
2023-12-15,203094.87,199614.60,1.69
2023-12-16,209296.66,200211.93,4.38
2023-12-17,208951.60,201311.69,3.67
2023-12-18,204505.09,202581.54,0.92
2023-12-19,219747.47,202359.60,8.29
2023-12-20,220690.32,203407.79,8.20
2023-12-21,205251.92,204601.79,0.31
2023-12-22,202715.17,205530.87,-1.33
2023-12-23,201630.99,206428.53,-2.25
2023-12-24,205589.73,207187.29,-0.75
2023-12-25,208051.67,208056.23,0.00
2023-12-26,203777.19,207902.62,-1.92
2023-12-27,253983.56,208710.48,20.85
2023-12-28,208932.88,211044.91,-0.97
2023-12-29,201789.12,212050.83,-4.69
2023-12-30,203288.97,211769.68,-3.88
2023-12-31,218430.50,212342.02,2.77
